{
  "pair_hxy_threshold": 0.45999999999999996,
  "divergence_threshold": 0.12000000000000001,
  "divergence_lookback_days": 3
}